{"accuracy": [0.24716193974018097, 0.45467445254325867, 0.5521702766418457, 0.6316360831260681, 0.6767112016677856, 0.7193655967712402, 0.755759596824646, 0.7896494269371033, 0.8177796602249146, 0.8330550789833069, 0.8564273715019226, 0.8746243715286255, 0.8809682726860046, 0.906677782535553, 0.9114357233047485, 0.9261268973350525, 0.9328047037124634, 0.934390664100647, 0.9429048299789429, 0.947746217250824, 0.9605175256729126, 0.9564273953437805, 0.9606844782829285, 0.9636059999465942, 0.9683639407157898, 0.9675292372703552, 0.9716193675994873, 0.9756260514259338, 0.9714524149894714, 0.9669449329376221], "loss": [2.051510810852051, 1.5548501014709473, 1.2999632358551025, 1.105681300163269, 0.9600436687469482, 0.833424985408783, 0.7322536110877991, 0.6423238515853882, 0.557269275188446, 0.5113947987556458, 0.4279940128326416, 0.38571998476982117, 0.36607232689857483, 0.28916341066360474, 0.2614380717277527, 0.22415368258953094, 0.20406238734722137, 0.19931460916996002, 0.17227748036384583, 0.16114169359207153, 0.12304507941007614, 0.14457140862941742, 0.1216307058930397, 0.12448766082525253, 0.10089427977800369, 0.10200895369052887, 0.0880483090877533, 0.07640917599201202, 0.08496654033660889, 0.10633095353841782], "val_accuracy": [0.427045077085495, 0.5318864583969116, 0.6100167036056519, 0.6834724545478821, 0.7268781065940857, 0.749248743057251, 0.7823038101196289, 0.7505843043327332, 0.7866443991661072, 0.8300501108169556, 0.8484140038490295, 0.8430717587471008, 0.8631051778793335, 0.849081814289093, 0.8744574189186096, 0.8734557628631592, 0.8861435651779175, 0.8864774703979492, 0.8657763004302979, 0.8911519050598145, 0.8924874663352966, 0.895158588886261, 0.885141909122467, 0.8978297114372253, 0.9008347392082214, 0.886811375617981, 0.9145241975784302, 0.9061769843101501, 0.9045075178146362, 0.8994991779327393], "val_loss": [1.6704895496368408, 1.3663417100906372, 1.1585716009140015, 0.9442962408065796, 0.8224082589149475, 0.7860012650489807, 0.681823194026947, 0.7685502767562866, 0.6894453763961792, 0.5442739725112915, 0.5246800780296326, 0.5140485763549805, 0.45725077390670776, 0.483774870634079, 0.47725844383239746, 0.4823014736175537, 0.43474262952804565, 0.4493970274925232, 0.5735276937484741, 0.3978157639503479, 0.45114290714263916, 0.41175803542137146, 0.5711093544960022, 0.44224488735198975, 0.42998072504997253, 0.473745197057724, 0.3525695502758026, 0.4345109760761261, 0.3985046148300171, 0.48335951566696167]}